return_period,duration,longitude,latitude,historical_low_mm/hour,historical_mm/hour,historical_upp_mm/hour,ssp245_low_mm/hour,ssp245_mm/hour,ssp245_upp_mm/hour,ssp585_low_mm/hour,ssp585_mm/hour,ssp585_upp_mm/hour
2,1,113.880,22.255,63.430,78.910,94.390,82.270,100.660,119.050,98.670,117.030,135.380
2,2,113.880,22.255,94.040,117.910,141.780,119.650,150.210,180.760,152.230,182.500,212.770
2,3,113.880,22.255,113.500,141.620,169.740,142.160,181.410,220.660,188.930,226.930,264.930
2,4,113.880,22.255,128.160,161.050,193.950,155.700,199.580,243.470,210.230,254.480,298.720
2,5,113.880,22.255,140.180,176.820,213.460,168.410,217.710,267.010,228.150,278.560,328.960
2,6,113.880,22.255,149.100,188.490,227.880,173.450,225.480,277.510,244.960,300.230,355.500
2,9,113.880,22.255,161.900,204.940,247.990,189.700,248.770,307.850,277.980,342.220,406.470
2,12,113.880,22.255,176.620,222.940,269.270,207.090,272.390,337.690,300.410,372.100,443.800
2,18,113.880,22.255,191.590,242.380,293.170,234.160,307.810,381.460,333.690,416.430,499.170
2,24,113.880,22.255,199.520,254.020,308.510,245.960,322.240,398.530,344.780,432.040,519.300
2,48,113.880,22.255,218.510,277.660,336.800,256.180,337.260,418.350,352.170,442.530,532.900
2,72,113.880,22.255,229.690,290.530,351.370,268.160,351.530,434.890,365.230,457.520,549.820
2,96,113.880,22.255,235.720,296.710,357.690,275.200,361.630,448.060,365.580,457.870,550.170
2,120,113.880,22.255,254.440,320.130,385.830,274.840,362.760,450.680,378.360,469.640,560.930
2,144,113.880,22.255,252.800,317.890,382.980,277.540,364.900,452.250,379.950,471.360,562.770
2,168,113.880,22.255,254.130,320.250,386.370,285.270,374.780,464.290,381.660,474.520,567.380
5,1,113.880,22.255,109.540,139.930,170.310,138.060,170.110,202.150,153.770,185.430,217.100
5,2,113.880,22.255,164.200,211.750,259.300,210.980,269.120,327.270,242.210,294.540,346.870
5,3,113.880,22.255,196.870,254.230,311.590,258.230,336.880,415.530,302.150,369.560,436.960
5,4,113.880,22.255,225.340,293.640,361.940,285.200,375.720,466.240,343.160,426.260,509.350
5,5,113.880,22.255,248.030,325.850,403.670,311.500,418.120,524.730,379.390,477.410,575.440
5,6,113.880,22.255,265.080,350.080,435.080,324.640,439.110,553.590,410.010,516.160,622.310
5,9,113.880,22.255,289.010,386.480,483.940,361.210,500.860,640.520,471.580,597.090,722.590
5,12,113.880,22.255,313.520,415.350,517.190,396.530,548.160,699.780,516.170,655.930,795.690
5,18,113.880,22.255,340.870,448.620,556.370,447.760,618.050,788.350,577.470,732.440,887.410
5,24,113.880,22.255,357.990,477.110,596.230,468.930,643.820,818.720,600.610,764.760,928.900
5,48,113.880,22.255,390.030,507.040,624.060,494.990,685.340,875.690,623.960,809.670,995.380
5,72,113.880,22.255,405.220,520.450,635.680,513.510,704.040,894.560,641.560,831.640,1021.710
5,96,113.880,22.255,412.190,523.950,635.700,528.240,724.260,920.280,642.250,833.840,1025.420
5,120,113.880,22.255,438.020,554.750,671.490,531.310,734.990,938.670,651.890,839.970,1028.050
5,144,113.880,22.255,438.850,551.860,664.880,534.860,736.590,938.310,653.420,842.420,1031.410
5,168,113.880,22.255,442.710,558.960,675.210,545.490,751.550,957.620,659.390,853.140,1046.900
10,1,113.880,22.255,138.890,192.200,245.520,173.350,223.640,273.940,187.730,238.130,288.540
10,2,113.880,22.255,207.940,294.190,380.440,269.170,369.180,469.190,297.050,381.720,466.390
10,3,113.880,22.255,249.540,354.690,459.840,331.600,474.200,616.800,371.820,482.270,592.720
10,4,113.880,22.255,286.500,413.700,540.900,366.970,535.020,703.070,427.100,567.760,708.420
10,5,113.880,22.255,315.850,462.580,609.310,399.300,604.160,809.020,475.650,645.690,815.730
10,6,113.880,22.255,338.060,500.000,661.950,418.390,644.850,871.310,514.450,697.260,880.070
10,9,113.880,22.255,370.530,561.070,751.610,465.700,757.580,1049.460,595.420,812.580,1029.740
10,12,113.880,22.255,400.440,596.290,792.130,512.300,825.580,1138.870,654.360,896.150,1137.940
10,18,113.880,22.255,434.260,638.720,843.180,581.960,925.380,1268.810,729.000,992.910,1256.820
10,24,113.880,22.255,454.990,685.140,915.290,611.200,958.860,1306.520,759.170,1040.080,1320.980
10,48,113.880,22.255,493.320,710.180,927.040,647.030,1032.250,1417.470,800.520,1135.510,1470.500
10,72,113.880,22.255,509.890,717.390,924.890,671.660,1047.910,1424.160,820.900,1161.390,1501.880
10,96,113.880,22.255,517.110,714.570,912.030,688.960,1076.300,1463.630,820.510,1169.790,1519.060
10,120,113.880,22.255,543.970,743.680,943.390,691.260,1105.040,1518.820,829.710,1166.470,1503.220
10,144,113.880,22.255,546.130,740.790,935.460,696.900,1104.950,1513.010,831.020,1170.400,1509.770
10,168,113.880,22.255,550.930,753.910,956.890,709.450,1121.830,1534.220,840.170,1190.320,1540.480
25,1,113.880,22.255,166.630,275.800,384.970,210.710,301.320,391.920,221.450,314.550,407.650
25,2,113.880,22.255,244.810,429.130,613.450,325.130,526.520,727.910,348.920,509.290,669.650
25,3,113.880,22.255,294.900,521.450,748.010,395.430,700.090,1004.750,438.570,649.580,860.600
25,4,113.880,22.255,337.040,615.800,894.570,435.000,802.890,1170.780,509.430,785.970,1062.510
25,5,113.880,22.255,370.460,695.580,1020.690,461.720,924.690,1387.650,568.900,911.700,1254.510
25,6,113.880,22.255,395.680,758.180,1120.670,479.840,1011.700,1543.560,614.990,981.190,1347.390
25,9,113.880,22.255,434.470,872.010,1309.560,515.290,1240.030,1964.760,717.690,1152.990,1588.280
25,12,113.880,22.255,469.540,911.810,1354.090,571.620,1341.000,2110.370,790.720,1275.940,1761.160
25,18,113.880,22.255,506.950,964.100,1421.250,668.970,1488.140,2307.300,870.170,1394.780,1919.390
25,24,113.880,22.255,522.850,1045.060,1567.280,714.340,1529.740,2345.140,904.720,1466.420,2028.110
25,48,113.880,22.255,567.810,1045.120,1522.440,751.300,1671.120,2590.930,969.420,1673.870,2378.320
25,72,113.880,22.255,587.760,1032.260,1476.760,793.160,1668.550,2543.940,994.740,1702.760,2410.780
25,96,113.880,22.255,597.140,1013.500,1429.870,806.230,1708.760,2611.290,985.290,1728.390,2471.480
25,120,113.880,22.255,622.890,1028.990,1435.090,790.110,1784.910,2779.710,1002.860,1702.600,2402.340
25,144,113.880,22.255,624.090,1026.830,1429.570,803.350,1779.750,2756.160,1002.840,1710.270,2417.700
25,168,113.880,22.255,626.420,1052.150,1477.890,820.900,1794.790,2768.680,1014.160,1749.210,2484.260
50,1,113.880,22.255,175.580,353.600,531.620,230.830,367.170,503.520,237.270,379.300,521.330
50,2,113.880,22.255,249.110,557.530,865.960,345.480,670.620,995.760,370.010,618.350,866.680
50,3,113.880,22.255,300.810,682.280,1063.740,405.690,916.040,1426.380,465.980,794.590,1123.200
50,4,113.880,22.255,338.840,813.300,1287.770,438.400,1064.380,1690.370,543.080,982.120,1421.170
50,5,113.880,22.255,368.480,925.910,1483.340,442.000,1244.870,2047.740,603.320,1156.570,1709.830
50,6,113.880,22.255,390.170,1015.950,1641.740,443.180,1390.250,2337.330,652.020,1240.490,1828.950
50,9,113.880,22.255,422.720,1192.510,1962.290,423.860,1763.120,3102.390,766.050,1466.110,2166.180
50,12,113.880,22.255,462.040,1230.630,1999.220,482.780,1893.840,3304.900,844.460,1625.580,2406.710
50,18,113.880,22.255,498.990,1287.110,2075.230,606.580,2083.560,3560.530,918.090,1756.230,2594.370
50,24,113.880,22.255,498.160,1406.040,2313.920,672.790,2127.850,3582.920,950.610,1851.200,2751.800
50,48,113.880,22.255,554.730,1366.060,2177.390,689.980,2350.720,4011.470,1020.620,2190.730,3360.840
50,72,113.880,22.255,583.440,1325.230,2067.010,761.700,2316.350,3870.990,1051.930,2219.360,3386.790
50,96,113.880,22.255,599.040,1286.570,1974.090,763.530,2366.060,3968.590,1025.130,2267.900,3510.670
50,120,113.880,22.255,625.980,1280.380,1934.780,705.070,2506.540,4308.000,1060.930,2214.300,3367.670
50,144,113.880,22.255,624.330,1279.470,1934.610,730.890,2494.010,4257.130,1058.300,2226.720,3395.140
50,168,113.880,22.255,620.110,1318.220,2016.340,757.390,2501.810,4246.230,1067.570,2287.390,3507.220
100,1,113.880,22.255,169.290,447.310,725.330,242.390,440.420,638.440,243.040,451.290,659.550
100,2,113.880,22.255,222.730,715.170,1207.610,338.900,841.820,1344.750,372.010,740.500,1108.990
100,3,113.880,22.255,268.690,882.000,1495.320,365.860,1182.220,1998.590,468.300,958.920,1449.540
100,4,113.880,22.255,290.820,1061.390,1831.960,376.170,1392.550,2408.930,542.880,1211.470,1880.070
100,5,113.880,22.255,306.130,1218.130,2130.130,328.150,1654.730,2981.320,592.840,1448.760,2304.680
100,6,113.880,22.255,315.030,1345.800,2376.560,283.730,1888.600,3493.470,641.440,1547.800,2454.160
100,9,113.880,22.255,320.670,1613.990,2907.310,128.840,2481.800,4834.770,759.360,1839.520,2919.670
100,12,113.880,22.255,367.810,1642.790,2917.770,185.890,2646.330,5106.770,836.500,2042.840,3249.180
100,18,113.880,22.255,402.940,1698.380,2993.830,346.390,2884.490,5422.600,896.830,2179.030,3461.230
100,24,113.880,22.255,365.890,1869.710,3373.530,448.050,2925.610,5403.160,920.620,2302.650,3684.670
100,48,113.880,22.255,451.480,1762.430,3073.370,409.260,3269.170,6129.080,968.170,2830.140,4692.110
100,72,113.880,22.255,501.420,1678.050,2854.670,541.310,3177.560,5813.800,1009.320,2855.120,4700.920
100,96,113.880,22.255,531.430,1610.250,2689.080,522.230,3236.660,5951.080,949.500,2938.790,4928.080
100,120,113.880,22.255,566.520,1569.320,2572.120,373.000,3479.890,6586.780,1020.940,2844.150,4667.350
100,144,113.880,22.255,559.690,1570.460,2581.220,422.060,3455.130,6488.190,1013.250,2863.670,4714.090
100,168,113.880,22.255,542.430,1627.300,2712.170,467.650,3447.100,6426.560,1014.130,2954.920,4895.700
